20260605 0730;1.34713;1.34724;1.34703;1.34721;307
20260605 0733;1.34721;1.34733;1.34721;1.34724;372
20260605 0736;1.34724;1.34727;1.34712;1.34723;381
20260605 0739;1.34723;1.34725;1.34666;1.34675;830
20260605 0742;1.34675;1.34685;1.34664;1.34677;572
20260605 0745;1.34677;1.34707;1.34676;1.34702;517
20260605 0748;1.34702;1.34704;1.34681;1.34702;526
20260605 0751;1.34702;1.3471;1.34693;1.34705;593
20260605 0754;1.34705;1.34713;1.34684;1.34684;541
20260605 0757;1.34684;1.34704;1.34673;1.34682;576
20260605 0800;1.34682;1.3469;1.34652;1.34665;784
20260605 0803;1.34665;1.34672;1.3465;1.34662;505
20260605 0806;1.34662;1.34685;1.34661;1.34678;479
20260605 0809;1.34678;1.34683;1.34671;1.34681;432
20260605 0812;1.34681;1.34685;1.34663;1.34667;449
20260605 0815;1.34667;1.34669;1.34642;1.34652;515
20260605 0818;1.34652;1.34668;1.34642;1.34663;491
20260605 0821;1.34663;1.34664;1.34647;1.34653;547
20260605 0824;1.34653;1.3466;1.34633;1.34643;519
20260605 0827;1.34643;1.34645;1.34612;1.34624;378
20260605 0830;1.34624;1.34635;1.34351;1.3437;2274
20260605 0833;1.3437;1.34439;1.34363;1.34411;1435
20260605 0836;1.34411;1.34411;1.34301;1.34346;1476
20260605 0839;1.34346;1.34409;1.34343;1.34364;1299
20260605 0842;1.34364;1.34392;1.3431;1.34311;973
20260605 0845;1.34311;1.34321;1.34288;1.34292;1746
20260605 0848;1.34292;1.34305;1.34242;1.34244;1447
20260605 0851;1.34244;1.34247;1.34174;1.34174;1530
20260605 0854;1.34174;1.3419;1.34118;1.34129;1955
20260605 0857;1.34129;1.34135;1.34039;1.34044;2226
20260605 0900;1.34044;1.34178;1.34008;1.34091;4770
20260605 0903;1.34091;1.34111;1.34069;1.34079;2367
20260605 0906;1.34079;1.3409;1.34039;1.34076;2088
20260605 0909;1.34076;1.34133;1.34074;1.34107;2499
20260605 0912;1.34107;1.34156;1.34103;1.34108;2409
20260605 0915;1.34108;1.34167;1.34094;1.34164;1897
20260605 0918;1.34164;1.34211;1.34154;1.34209;864
20260605 0921;1.34209;1.34219;1.34107;1.34128;1035
20260605 0924;1.34128;1.34139;1.341;1.34106;699
20260605 0927;1.34106;1.34107;1.34051;1.34064;830
20260605 0930;1.34064;1.34076;1.34022;1.34033;2225
20260605 0933;1.34033;1.34076;1.34033;1.34054;1697
20260605 0936;1.34054;1.34054;1.33972;1.33973;1412
20260605 0939;1.33973;1.33999;1.33968;1.33971;1421
20260605 0942;1.33971;1.34007;1.33943;1.33997;1757
20260605 0945;1.33997;1.34079;1.33997;1.3407;2876
20260605 0948;1.3407;1.341;1.34042;1.34088;1914
20260605 0951;1.34088;1.34099;1.34048;1.34082;1859
20260605 0954;1.34082;1.34105;1.34057;1.34097;1183
20260605 0957;1.34097;1.34097;1.33984;1.33984;677
20260605 1000;1.33984;1.34083;1.33953;1.34078;2724


20260605 1003;1.34078;1.34078;1.33984;1.34012;2454
20260605 1006;1.34012;1.34015;1.33941;1.33967;1787
20260605 1009;1.33967;1.33977;1.3391;1.33917;1850
20260605 1012;1.33917;1.33921;1.33887;1.33898;1206
20260605 1015;1.33898;1.33908;1.33866;1.3388;1017
20260605 1018;1.3388;1.33885;1.33848;1.3387;1288
20260605 1021;1.3387;1.33886;1.33851;1.33859;1263
20260605 1024;1.33859;1.3386;1.33802;1.33829;1281
20260605 1027;1.33829;1.33834;1.33813;1.33824;864
20260605 1030;1.33824;1.33916;1.33824;1.33874;1543
20260605 1033;1.33874;1.33909;1.33874;1.33897;927
20260605 1036;1.33897;1.33897;1.33851;1.33869;1078
20260605 1039;1.33869;1.33895;1.33862;1.33862;775
20260605 1042;1.33862;1.33866;1.33802;1.33823;1035
20260605 1045;1.33823;1.33863;1.33821;1.33858;872
20260605 1048;1.33858;1.3387;1.33827;1.33853;940
20260605 1051;1.33853;1.3387;1.33829;1.3384;877
20260605 1054;1.3384;1.3384;1.33797;1.33822;1045
20260605 1057;1.33822;1.33874;1.33813;1.33863;1149
20260605 1100;1.33863;1.33879;1.33837;1.33844;1445
20260605 1103;1.33844;1.33857;1.33825;1.33831;909
20260605 1106;1.33831;1.33842;1.3379;1.33804;879
20260605 1109;1.33804;1.33818;1.33758;1.33759;947
20260605 1112;1.33759;1.33776;1.33742;1.33743;911
20260605 1115;1.33743;1.33762;1.3373;1.33758;1022
20260605 1118;1.33758;1.33758;1.3373;1.33736;997
20260605 1121;1.33736;1.33784;1.33709;1.33758;1359
20260605 1124;1.33758;1.33761;1.33736;1.33738;827
20260605 1127;1.33738;1.3376;1.33737;1.33756;898
20260605 1130;1.33756;1.33763;1.33733;1.33735;758
20260605 1133;1.33735;1.33736;1.33695;1.33709;805
20260605 1136;1.33709;1.33719;1.33644;1.33645;916
20260605 1139;1.33645;1.33654;1.33625;1.33628;693
20260605 1142;1.33628;1.33642;1.33614;1.33629;701
20260605 1145;1.33629;1.33636;1.33586;1.33588;666
20260605 1148;1.33588;1.33607;1.33587;1.33596;546
20260605 1151;1.33596;1.3361;1.33588;1.33596;543
20260605 1154;1.33596;1.33604;1.33569;1.33569;533
20260605 1157;1.33569;1.33599;1.33569;1.33583;763
20260605 1200;1.33583;1.33592;1.33549;1.33558;945
20260605 1203;1.33558;1.33558;1.33506;1.33515;1101
20260605 1206;1.33515;1.3352;1.33474;1.33478;893
20260605 1209;1.33478;1.33484;1.33449;1.33468;1017
20260605 1212;1.33468;1.33482;1.33454;1.33454;759
20260605 1215;1.33454;1.33457;1.33423;1.33438;859
20260605 1218;1.33438;1.3345;1.33419;1.33425;734
20260605 1221;1.33425;1.33448;1.33425;1.3343;729
20260605 1224;1.3343;1.33506;1.33416;1.33496;832
20260605 1227;1.33496;1.33509;1.33475;1.33478;809
20260605 1230;1.33478;1.33491;1.3345;1.33455;768
20260605 1233;1.33455;1.33466;1.33442;1.33448;627
20260605 1236;1.33448;1.33457;1.33429;1.33457;652
20260605 1239;1.33457;1.3346;1.33413;1.33424;493
20260605 1242;1.33424;1.33429;1.33408;1.33427;579
20260605 1245;1.33427;1.33456;1.33419;1.3345;783
20260605 1248;1.3345;1.3347;1.33446;1.33469;921
20260605 1251;1.33469;1.33509;1.33469;1.33506;706
20260605 1254;1.33506;1.33522;1.33497;1.33509;702
20260605 1257;1.33509;1.33562;1.33509;1.33557;868
20260605 1300;1.33557;1.33568;1.33537;1.33537;882
20260605 1303;1.33537;1.33563;1.33517;1.33558;849
20260605 1306;1.33558;1.33559;1.33522;1.33524;496
20260605 1309;1.33524;1.33546;1.33509;1.33515;524
20260605 1312;1.33515;1.33537;1.33505;1.3353;520
20260605 1315;1.3353;1.33537;1.33504;1.33514;529
20260605 1318;1.33514;1.33519;1.33505;1.33519;505
20260605 1321;1.33519;1.3354;1.33509;1.33515;464
20260605 1324;1.33515;1.33535;1.33509;1.33517;595
20260605 1327;1.33517;1.33518;1.3349;1.33499;532
20260605 1330;1.33499;1.335;1.33467;1.33469;562
20260605 1333;1.33469;1.33476;1.33456;1.33465;536
20260605 1336;1.33465;1.33482;1.33457;1.33476;515
20260605 1339;1.33476;1.33491;1.33446;1.33449;681
20260605 1342;1.33449;1.3345;1.33413;1.33419;824
20260605 1345;1.33419;1.3343;1.33396;1.33397;654
20260605 1348;1.33397;1.334;1.33372;1.33391;705
20260605 1351;1.33391;1.334;1.33371;1.33392;780
20260605 1354;1.33392;1.3341;1.33388;1.33402;658
20260605 1357;1.33402;1.33425;1.33397;1.33416;800
20260605 1400;1.33416;1.33426;1.33378;1.33386;653
20260605 1403;1.33386;1.33389;1.33342;1.33346;768
20260605 1406;1.33346;1.3335;1.33339;1.33346;473
20260605 1409;1.33346;1.33369;1.33342;1.33349;613
20260605 1412;1.33349;1.33372;1.33346;1.33359;554
20260605 1415;1.33359;1.33391;1.33349;1.3338;628
20260605 1418;1.3338;1.33425;1.3337;1.33425;827
20260605 1421;1.33425;1.3343;1.33397;1.33407;730
20260605 1424;1.33407;1.33411;1.33388;1.33396;549
20260605 1427;1.33396;1.33398;1.33379;1.3338;699
20260605 1430;1.3338;1.33402;1.33372;1.3339;663
20260605 1433;1.3339;1.3341;1.33388;1.33406;449
20260605 1436;1.33406;1.33436;1.33404;1.33419;658
20260605 1439;1.33419;1.33421;1.33377;1.33377;473
20260605 1442;1.33377;1.33378;1.33356;1.33376;615
20260605 1445;1.33376;1.33376;1.33338;1.33354;735
20260605 1448;1.33354;1.33397;1.33347;1.33376;830
20260605 1451;1.33376;1.33387;1.3337;1.33377;461
20260605 1454;1.33377;1.33437;1.33365;1.33413;1077
20260605 1457;1.33413;1.33413;1.33364;1.33367;706
20260605 1500;1.33367;1.33377;1.33356;1.33376;465
20260605 1503;1.33376;1.33383;1.33355;1.33365;481
20260605 1506;1.33365;1.33366;1.33335;1.33336;547
20260605 1509;1.33336;1.33357;1.33335;1.33339;544
20260605 1512;1.33339;1.33347;1.33336;1.33343;580
20260605 1515;1.33343;1.33344;1.33317;1.33317;398
20260605 1518;1.33317;1.33324;1.33307;1.33321;727
20260605 1521;1.33321;1.33334;1.33303;1.33321;556
20260605 1524;1.33321;1.33347;1.33316;1.33334;459
20260605 1527;1.33334;1.33351;1.33332;1.33351;350
20260605 1530;1.33351;1.33353;1.3332;1.33321;507
20260605 1533;1.33321;1.33343;1.33318;1.33328;550
20260605 1536;1.33328;1.33353;1.33323;1.33352;401
20260605 1539;1.33352;1.33354;1.33326;1.33329;468
20260605 1542;1.33329;1.33372;1.33329;1.33362;619
20260605 1545;1.33362;1.33373;1.33356;1.33373;516
20260605 1548;1.33373;1.33396;1.33364;1.3339;773
20260605 1551;1.3339;1.33406;1.33386;1.33394;538
20260605 1554;1.33394;1.33404;1.33387;1.33387;462
20260605 1557;1.33387;1.334;1.33375;1.33378;745
20260605 1600;1.33378;1.33379;1.33355;1.33358;533
20260605 1603;1.33358;1.33358;1.33338;1.33338;321
20260605 1606;1.33338;1.33339;1.33318;1.33324;336
20260605 1609;1.33324;1.33337;1.33315;1.33315;288
20260605 1612;1.33315;1.33317;1.33305;1.33306;179
20260605 1615;1.33306;1.33325;1.33306;1.33323;211
20260605 1618;1.33323;1.33357;1.33319;1.33356;265
20260605 1621;1.33356;1.33367;1.33348;1.33362;377
20260605 1624;1.33362;1.33381;1.33361;1.3338;228
20260605 1627;1.3338;1.33383;1.33374;1.33374;157
20260605 1630;1.33374;1.33384;1.33366;1.33381;158
20260605 1633;1.33381;1.33384;1.33365;1.33369;396
20260605 1636;1.33369;1.33384;1.33356;1.3336;553
20260605 1639;1.3336;1.33362;1.33348;1.33359;765
20260605 1642;1.33359;1.3337;1.33344;1.33369;462
20260605 1645;1.33369;1.3338;1.33359;1.33374;691
20260605 1648;1.33374;1.334;1.3337;1.33392;470
20260605 1651;1.33392;1.33403;1.33364;1.33367;877
20260605 1654;1.33367;1.33379;1.33298;1.33298;473
20260605 1657;1.33298;1.33298;1.33296;1.33296;1